{"version": "0.4.26", "metrics": [{"metric": "DatasetDriftMetric", "result": {"drift_share": 0.5, "number_of_columns": 21, "number_of_drifted_columns": 6, "share_of_drifted_columns": 0.2857142857142857, "dataset_drift": false}}, {"metric": "DataDriftTable", "result": {"number_of_columns": 21, "number_of_drifted_columns": 6, "share_of_drifted_columns": 0.2857142857142857, "dataset_drift": false, "drift_by_columns": {"credit_risk": {"column_name": "credit_risk", "column_type": "cat", "stattest_name": "Z-test p_value", "stattest_threshold": 0.05, "drift_score": 1.0, "drift_detected": false, "current": {"small_distribution": {"x": [0, 1], "y": [138, 61]}}, "reference": {"small_distribution": {"x": [0, 1], "y": [138, 61]}}}, "age": {"column_name": "age", "column_type": "num", "stattest_name": "K-S p_value", "stattest_threshold": 0.05, "drift_score": 1.0, "drift_detected": false, "current": {"small_distribution": {"x": [19.0, 23.6, 28.2, 32.8, 37.4, 42.0, 46.599999999999994, 51.199999999999996, 55.8, 60.4, 65.0], "y": [0.018952062430323293, 0.04682274247491641, 0.03678929765886289, 0.03901895206243031, 0.01672240802675585, 0.023411371237458223, 0.013377926421404679, 0.012263099219620955, 0.006688963210702339, 0.0033444816053511696]}}, "reference": {"small_distribution": {"x": [19.0, 23.6, 28.2, 32.8, 37.4, 42.0, 46.599999999999994, 51.199999999999996, 55.8, 60.4, 65.0], "y": [0.018952062430323293, 0.04682274247491641, 0.03678929765886289, 0.03901895206243031, 0.01672240802675585, 0.023411371237458223, 0.013377926421404679, 0.012263099219620955, 0.006688963210702339, 0.0033444816053511696]}}}, "amount": {"column_name": "amount", "column_type": "num", "stattest_name": "K-S p_value", "stattest_threshold": 0.05, "drift_score": 0.00048300270080164475, "drift_detected": true, "current": {"small_distribution": {"x": [-392.1693296845647, 826.8145518453678, 2045.7984333753002, 3264.7823149052324, 4483.766196435165, 5702.750077965098, 6921.73395949503, 8140.7178410249635, 9359.701722554895, 10578.685604084827, 11797.66948561476], "y": [0.00015727020468800024, 0.0003315425936665951, 0.0001147647439615137, 8.926146752562177e-05, 2.5503276435891904e-05, 1.2751638217945972e-05, 4.675600679913515e-05, 1.700218429059463e-05, 8.501092145297315e-06, 1.7002184290594603e-05]}}, "reference": {"small_distribution": {"x": [625.0, 1744.1, 2863.2, 3982.2999999999997, 5101.4, 6220.5, 7339.599999999999, 8458.699999999999, 9577.8, 10696.9, 11816.0], "y": [0.0003240946300760743, 0.00023612608762685415, 0.00014815754517763396, 4.629923286801061e-05, 2.7779539720806357e-05, 1.8519693147204252e-05, 4.629923286801064e-05, 2.3149616434005296e-05, 9.25984657360212e-06, 1.3889769860403178e-05]}}}, "credit_history": {"column_name": "credit_history", "column_type": "num", "stattest_name": "K-S p_value", "stattest_threshold": 0.05, "drift_score": 3.842993717715091e-23, "drift_detected": true, "current": {"small_distribution": {"x": [0.0360198174816757, 0.49468033562565783, 0.95334085376964, 1.4120013719136222, 1.8706618900576042, 2.329322408201586, 2.7879829263455687, 3.2466434444895507, 3.7053039626335327, 4.163964480777515, 4.622624998921497], "y": [0.10219977117211788, 0.0, 0.07948871091164723, 0.011355530130235325, 0.8175981693769434, 0.28388825325588285, 0.10219977117211793, 0.06813318078141194, 0.3293103737768244, 0.386088024428001]}}, "reference": {"small_distribution": {"x": [0.0, 0.4, 0.8, 1.2000000000000002, 1.6, 2.0, 2.4000000000000004, 2.8000000000000003, 3.2, 3.6, 4.0], "y": [0.1171875, 0.0, 0.10416666666666663, 0.0, 0.0, 1.2760416666666654, 0.0, 0.1822916666666667, 0.0, 0.8203125000000001]}}}, "duration": {"column_name": "duration", "column_type": "num", "stattest_name": "K-S p_value", "stattest_threshold": 0.05, "drift_score": 2.0866855903468888e-05, "drift_detected": true, "current": {"small_distribution": {"x": [6.8367777601726125, 12.408506129635054, 17.980234499097495, 23.551962868559936, 29.123691238022378, 34.69541960748482, 40.26714797694726, 45.838876346409705, 51.41060471587214, 56.98233308533459, 62.55406145479703], "y": [0.03237996527663224, 0.043481667657191865, 0.025903972221305794, 0.03237996527663224, 0.013877127975699522, 0.014802269840746186, 0.003700567460186537, 0.009251418650466366, 0.0018502837300932685, 0.0018502837300932709]}}, "reference": {"small_distribution": {"x": [6.0, 11.4, 16.8, 22.200000000000003, 27.6, 33.0, 38.400000000000006, 43.800000000000004, 49.2, 54.6, 60.0], "y": [0.034364261168384876, 0.05154639175257732, 0.024818633066055737, 0.03245513554791906, 0.01050019091256205, 0.01622756777395951, 0.0028636884306987406, 0.01050019091256205, 0.0, 0.0019091256204658272]}}}, "employment_duration": {"column_name": "employment_duration", "column_type": "num", "stattest_name": "chi-square p_value", "stattest_threshold": 0.05, "drift_score": 1.0, "drift_detected": false, "current": {"small_distribution": {"x": [1.0, 1.4, 1.8, 2.2, 2.6, 3.0, 3.4000000000000004, 3.8000000000000003, 4.2, 4.6, 5.0], "y": [0.11718750000000001, 0.0, 0.35156249999999983, 0.0, 0.0, 0.8593749999999992, 0.0, 0.4036458333333334, 0.0, 0.768229166666666]}}, "reference": {"small_distribution": {"x": [1.0, 1.4, 1.8, 2.2, 2.6, 3.0, 3.4000000000000004, 3.8000000000000003, 4.2, 4.6, 5.0], "y": [0.11718750000000001, 0.0, 0.35156249999999983, 0.0, 0.0, 0.8593749999999992, 0.0, 0.4036458333333334, 0.0, 0.768229166666666]}}}, "foreign_worker": {"column_name": "foreign_worker", "column_type": "num", "stattest_name": "Z-test p_value", "stattest_threshold": 0.05, "drift_score": 1.0, "drift_detected": false, "current": {"small_distribution": {"x": [1.0, 1.1, 1.2, 1.3, 1.4, 1.5, 1.6, 1.7000000000000002, 1.8, 1.9, 2.0], "y": [0.46874999999999956, 0.0, 0.0, 0.0, 0.0, 0.0, 0.0, 0.0, 0.0, 9.531249999999991]}}, "reference": {"small_distribution": {"x": [1.0, 1.1, 1.2, 1.3, 1.4, 1.5, 1.6, 1.7000000000000002, 1.8, 1.9, 2.0], "y": [0.46874999999999956, 0.0, 0.0, 0.0, 0.0, 0.0, 0.0, 0.0, 0.0, 9.531249999999991]}}}, "housing": {"column_name": "housing", "column_type": "num", "stattest_name": "chi-square p_value", "stattest_threshold": 0.05, "drift_score": 1.0, "drift_detected": false, "current": {"small_distribution": {"x": [1.0, 1.2, 1.4, 1.6, 1.8, 2.0, 2.2, 2.4000000000000004, 2.6, 2.8, 3.0], "y": [0.9438775510204083, 0.0, 0.0, 0.0, 0.0, 3.316326530612242, 0.0, 0.0, 0.0, 0.7397959183673463]}}, "reference": {"small_distribution": {"x": [1.0, 1.2, 1.4, 1.6, 1.8, 2.0, 2.2, 2.4000000000000004, 2.6, 2.8, 3.0], "y": [0.9438775510204083, 0.0, 0.0, 0.0, 0.0, 3.316326530612242, 0.0, 0.0, 0.0, 0.7397959183673463]}}}, "installment_rate": {"column_name": "installment_rate", "column_type": "num", "stattest_name": "chi-square p_value", "stattest_threshold": 0.05, "drift_score": 1.0, "drift_detected": false, "current": {"small_distribution": {"x": [1.0, 1.3, 1.6, 1.9, 2.2, 2.5, 2.8, 3.1, 3.4, 3.6999999999999997, 4.0], "y": [0.4020100502512562, 0.0, 0.0, 0.9045226130653258, 0.0, 0.0, 0.5695142378559459, 0.0, 0.0, 1.4572864321608026]}}, "reference": {"small_distribution": {"x": [1.0, 1.3, 1.6, 1.9, 2.2, 2.5, 2.8, 3.1, 3.4, 3.6999999999999997, 4.0], "y": [0.4020100502512562, 0.0, 0.0, 0.9045226130653258, 0.0, 0.0, 0.5695142378559459, 0.0, 0.0, 1.4572864321608026]}}}, "job": {"column_name": "job", "column_type": "num", "stattest_name": "chi-square p_value", "stattest_threshold": 0.05, "drift_score": 1.0, "drift_detected": false, "current": {"small_distribution": {"x": [1.0, 1.3, 1.6, 1.9, 2.2, 2.5, 2.8, 3.1, 3.4, 3.6999999999999997, 4.0], "y": [0.06837606837606837, 0.0, 0.0, 0.7692307692307685, 0.0, 0.0, 2.0341880341880323, 0.0, 0.0, 0.4615384615384611]}}, "reference": {"small_distribution": {"x": [1.0, 1.3, 1.6, 1.9, 2.2, 2.5, 2.8, 3.1, 3.4, 3.6999999999999997, 4.0], "y": [0.06837606837606837, 0.0, 0.0, 0.7692307692307685, 0.0, 0.0, 2.0341880341880323, 0.0, 0.0, 0.4615384615384611]}}}, "number_credits": {"column_name": "number_credits", "column_type": "num", "stattest_name": "chi-square p_value",