{"version": "0.4.26", "metrics": [{"metric": "DatasetDriftMetric", "result": {"drift_share": 0.5, "number_of_columns": 21, "number_of_drifted_columns": 19, "share_of_drifted_columns": 0.9047619047619048, "dataset_drift": true}}, {"metric": "DataDriftTable", "result": {"number_of_columns": 21, "number_of_drifted_columns": 19, "share_of_drifted_columns": 0.9047619047619048, "dataset_drift": true, "drift_by_columns": {"credit_risk": {"column_name": "credit_risk", "column_type": "cat", "stattest_name": "Z-test p_value", "stattest_threshold": 0.05, "drift_score": 1.0, "drift_detected": false, "current": {"small_distribution": {"x": [0, 1], "y": [138, 61]}}, "reference": {"small_distribution": {"x": [0, 1], "y": [138, 61]}}}, "age": {"column_name": "age", "column_type": "num", "stattest_name": "K-S p_value", "stattest_threshold": 0.05, "drift_score": 0.9166928375197725, "drift_detected": false, "current": {"small_distribution": {"x": [17.001577942879514, 21.93571558872288, 26.869853234566243, 31.80399088040961, 36.73812852625298, 41.67226617209634, 46.60640381793971, 51.54054146378307, 56.474679109626436, 61.4088167554698, 66.34295440131316], "y": [0.010393315907036462, 0.04365192680955314, 0.039494600446738526, 0.02598328976759114, 0.029101284539702094, 0.01974730022336928, 0.015589973860554694, 0.009353984316332815, 0.003117994772110939, 0.006235989544221878]}}, "reference": {"small_distribution": {"x": [19.0, 23.6, 28.2, 32.8, 37.4, 42.0, 46.599999999999994, 51.199999999999996, 55.8, 60.4, 65.0], "y": [0.018952062430323293, 0.04682274247491641, 0.03678929765886289, 0.03901895206243031, 0.01672240802675585, 0.023411371237458223, 0.013377926421404679, 0.012263099219620955, 0.006688963210702339, 0.0033444816053511696]}}}, "amount": {"column_name": "amount", "column_type": "num", "stattest_name": "K-S p_value", "stattest_threshold": 0.05, "drift_score": 0.00048300270080164475, "drift_detected": true, "current": {"small_distribution": {"x": [-392.1693296845647, 826.8145518453678, 2045.7984333753002, 3264.7823149052324, 4483.766196435165, 5702.750077965098, 6921.73395949503, 8140.7178410249635, 9359.701722554895, 10578.685604084827, 11797.66948561476], "y": [0.00015727020468800024, 0.0003315425936665951, 0.0001147647439615137, 8.926146752562177e-05, 2.5503276435891904e-05, 1.2751638217945972e-05, 4.675600679913515e-05, 1.700218429059463e-05, 8.501092145297315e-06, 1.7002184290594603e-05]}}, "reference": {"small_distribution": {"x": [625.0, 1744.1, 2863.2, 3982.2999999999997, 5101.4, 6220.5, 7339.599999999999, 8458.699999999999, 9577.8, 10696.9, 11816.0], "y": [0.0003240946300760743, 0.00023612608762685415, 0.00014815754517763396, 4.629923286801061e-05, 2.7779539720806357e-05, 1.8519693147204252e-05, 4.629923286801064e-05, 2.3149616434005296e-05, 9.25984657360212e-06, 1.3889769860403178e-05]}}}, "credit_history": {"column_name": "credit_history", "column_type": "num", "stattest_name": "K-S p_value", "stattest_threshold": 0.05, "drift_score": 3.842993717715091e-23, "drift_detected": true, "current": {"small_distribution": {"x": [0.0360198174816757, 0.49468033562565783, 0.95334085376964, 1.4120013719136222, 1.8706618900576042, 2.329322408201586, 2.7879829263455687, 3.2466434444895507, 3.7053039626335327, 4.163964480777515, 4.622624998921497], "y": [0.10219977117211788, 0.0, 0.07948871091164723, 0.011355530130235325, 0.8175981693769434, 0.28388825325588285, 0.10219977117211793, 0.06813318078141194, 0.3293103737768244, 0.386088024428001]}}, "reference": {"small_distribution": {"x": [0.0, 0.4, 0.8, 1.2000000000000002, 1.6, 2.0, 2.4000000000000004, 2.8000000000000003, 3.2, 3.6, 4.0], "y": [0.1171875, 0.0, 0.10416666666666663, 0.0, 0.0, 1.2760416666666654, 0.0, 0.1822916666666667, 0.0, 0.8203125000000001]}}}, "duration": {"column_name": "duration", "column_type": "num", "stattest_name": "K-S p_value", "stattest_threshold": 0.05, "drift_score": 2.0866855903468888e-05, "drift_detected": true, "current": {"small_distribution": {"x": [6.8367777601726125, 12.408506129635054, 17.980234499097495, 23.551962868559936, 29.123691238022378, 34.69541960748482, 40.26714797694726, 45.838876346409705, 51.41060471587214, 56.98233308533459, 62.55406145479703], "y": [0.03237996527663224, 0.043481667657191865, 0.025903972221305794, 0.03237996527663224, 0.013877127975699522, 0.014802269840746186, 0.003700567460186537, 0.009251418650466366, 0.0018502837300932685, 0.0018502837300932709]}}, "reference": {"small_distribution": {"x": [6.0, 11.4, 16.8, 22.200000000000003, 27.6, 33.0, 38.400000000000006, 43.800000000000004, 49.2, 54.6, 60.0], "y": [0.034364261168384876, 0.05154639175257732, 0.024818633066055737, 0.03245513554791906, 0.01050019091256205, 0.01622756777395951, 0.0028636884306987406, 0.01050019091256205, 0.0, 0.0019091256204658272]}}}, "employment_duration": {"column_name": "employment_duration", "column_type": "num", "stattest_name": "K-S p_value", "stattest_threshold": 0.05, "drift_score": 1.868033162960341e-10, "drift_detected": true, "current": {"small_distribution": {"x": [1.1161619442881388, 1.5817435726160605, 2.047325200943982, 2.5129068292719037, 2.978488457599825, 3.444070085927747, 3.9096517142556686, 4.3752333425835905, 4.840814970911512, 5.306396599239434, 5.771978227567355], "y": [0.08949379471073053, 0.05593362169420658, 0.23492121111566774, 0.02237344867768264, 0.615269838636272, 0.12305396772725453, 0.3132282814875567, 0.03356017301652397, 0.4698424222313346, 0.19017431376030283]}}, "reference": {"small_distribution": {"x": [1.0, 1.4, 1.8, 2.2, 2.6, 3.0, 3.4000000000000004, 3.8000000000000003, 4.2, 4.6, 5.0], "y": [0.11718750000000001, 0.0, 0.35156249999999983, 0.0, 0.0, 0.8593749999999992, 0.0, 0.4036458333333334, 0.0, 0.768229166666666]}}}, "foreign_worker": {"column_name": "foreign_worker", "column_type": "num", "stattest_name": "K-S p_value", "stattest_threshold": 0.05, "drift_score": 5.678309501807265e-97, "drift_detected": true, "current": {"small_distribution": {"x": [1.0051746665937296, 1.1173212528140346, 1.2294678390343396, 1.3416144252546447, 1.4537610114749495, 1.5659075976952548, 1.6780541839155596, 1.7902007701358646, 1.9023473563561697, 2.0144939425764745, 2.12664052879678], "y": [0.4179797315267088, 0.0, 0.0, 0.0, 0.0, 0.0, 0.0, 0.0, 1.7648033108905514, 6.734117896819183]}}, "reference": {"small_distribution": {"x": [1.0, 1.1, 1.2, 1.3, 1.4, 1.5, 1.6, 1.7000000000000002, 1.8, 1.9, 2.0], "y": [0.46874999999999956, 0.0, 0.0, 0.0, 0.0, 0.0, 0.0, 0.0, 0.0, 9.531249999999991]}}}, "housing": {"column_name": "housing", "column_type": "num", "stattest_name": "K-S p_value", "stattest_threshold": 0.05, "drift_score": 8.010160393308979e-12, "drift_detected": true, "current": {"small_distribution": {"x": [0.5660358652202165, 0.8663954647849953, 1.1667550643497742, 1.4671146639145527, 1.7674742634793317, 2.06783386304411, 2.368193462608889, 2.668553062173668, 2.9689126617384467, 3.2692722613032252, 3.569631860868004], "y": [0.08493220832161501, 0.47562036660104384, 0.06794576665729206, 0.22082374163619886, 1.3419288914815182, 0.6284983415799505, 0.01698644166432299, 0.22082374163619917, 0.23781018330052217, 0.03397288332864598]}}, "reference": {"small_distribution": {"x": [1.0, 1.2, 1.4, 1.6, 1.8, 2.0, 2.2, 2.4000000000000004, 2.6, 2.8, 3.0], "y": [0.9438775510204083, 0.0, 0.0, 0.0, 0.0, 3.316326530612242, 0.0, 0.0, 0.0, 0.7397959183673463]}}}, "installment_rate": {"column_name": "installment_rate", "column_type": "num", "stattest_name": "K-S p_value", "stattest_threshold": 0.05, "drift_score": 1.808945548021221e-17, "drift_detected": true, "current": {"small_distribution": {"x": [1.0365682011919373, 1.3890174739611765, 1.741466746730416, 2.0939160194996553, 2.4463652922688945, 2.7988145650381338, 3.1512638378073734, 3.5037131105766126, 3.856162383345852, 4.208611656115091, 4.561060928884331],